<?xml version="1.0" encoding="UTF-8"?>
<!DOCTYPE hibernate-mapping PUBLIC "-//Hibernate/Hibernate Mapping DTD 3.0//EN" "http://hibernate.sourceforge.net/hibernate-mapping-3.0.dtd">
<hibernate-mapping>
  <class name="beans.Dept" table="dept">
    <id name="deptID" type="integer">
      <column length="10" name="dept_id" not-null="true" unique="true"/>
      <!-- <generator class="increment"/> -->
    </id>
    <property name="deptName" type="string">
      <column length="50" name="dept_name" not-null="true"/>
    </property>
    <property name="deptCat" type="string">
      <column length="2" name="dept_cat" not-null="true"/>
    </property>
    <property name="deptOwner" type="integer">
      <column length="5" name="dept_owner" not-null="false"/>
    </property>
  </class>
</hibernate-mapping>
