<?xml version="1.0" encoding="UTF-8"?>
<!DOCTYPE hibernate-mapping PUBLIC "-//Hibernate/Hibernate Mapping DTD 3.0//EN" "http://hibernate.sourceforge.net/hibernate-mapping-3.0.dtd">
<hibernate-mapping>
  <class name="beans.EmployeeRec" table="employee_rec">
    <id name="employeeID" type="integer">
      <column length="10" name="employee_id" not-null="true" unique="true"/>
      <!-- <generator class="increment"/> -->
    </id>
    <property name="fName" type="string">
      <column length="50" name="fname" not-null="true"/>
    </property>
    <property name="lastName" type="string">
      <column length="45" name="last_name" not-null="true"/>
    </property>
    <property name="title" type="string">
      <column length="30" name="title" not-null="true"/>
    </property>
    <property name="stamp" type="date">
      <column name="stamp" not-null="false"/>
    </property>
    <property name="age" type="integer">
      <column length="5" name="age" not-null="false"/>
    </property>
  </class>
</hibernate-mapping>
