<?xml version="1.0" encoding="UTF-8"?>
<!DOCTYPE hibernate-configuration PUBLIC "-//Hibernate/Hibernate Configuration DTD 3.0//EN" "http://hibernate.sourceforge.net/hibernate-configuration-3.0.dtd">
<hibernate-configuration>
  <session-factory>
    <!-- For Oracle - Schema bms, User bms
    <property name="hibernate.dialect">org.hibernate.dialect.OracleDialect</property>
    <property name="hibernate.connection.driver_class">oracle.jdbc.OracleDriver</property>
    <property name="hibernate.connection.url">jdbc:oracle:thin:@localhost:1521:XE</property>
    <property name="hibernate.connection.username"></property>
    <property name="hibernate.connection.password"></property>
    <property name="hibernate.default_schema">bms</property>
-->
    <!-- For MySQL - Catalog bms, User root -->
    <property name="hibernate.dialect">org.hibernate.dialect.MySQLDialect</property>
    <property name="hibernate.connection.driver_class">com.mysql.jdbc.Driver</property>
    <property name="hibernate.connection.url">jdbc:mysql://localhost/firstdb</property>
    <property name="hibernate.connection.username">root</property>
    <property name="hibernate.connection.password">data123</property>
    <property name="hibernate.jdbc.batch_size">50</property>
    <property name="hibernate.default_catalog">firstdb</property>
    <mapping resource="hbm/EmployeeRec.hbm.xml"/>
    <mapping resource="hbm/Dept.hbm.xml"/>
  </session-factory>
</hibernate-configuration>
